{"cameraMode":{"drawMode":0,"name":"Shaded","section":"Shading Mode"},"sceneLighting":true,"audioPlay":false,"sceneViewState":{"showFog":true,"showMaterialUpdate":false,"showSkybox":true,"showFlares":true,"showImageEffects":true,"showParticleSystems":true},"in2DMode":false,"pivot":{"x":1.0824288129806519,"y":-0.9078254103660584,"z":0.1603323370218277},"rotation":{"x":-0.19792185723781587,"y":-0.6509007811546326,"z":0.18140532076358796,"w":-0.7101322412490845},"size":2.857883930206299,"orthographic":false}