{"cameraMode":{"drawMode":0,"name":"Shaded","section":"Shading Mode"},"sceneLighting":true,"audioPlay":false,"sceneViewState":{"showFog":true,"showMaterialUpdate":false,"showSkybox":true,"showFlares":true,"showImageEffects":true,"showParticleSystems":true},"in2DMode":false,"pivot":{"x":511.44488525390627,"y":45.18992614746094,"z":1105.999267578125},"rotation":{"x":-0.13339228928089143,"y":-0.01725107431411743,"z":0.002326958579942584,"w":-0.990943431854248},"size":2112.980224609375,"orthographic":false}